"nid","isbn"
"2825","hb_cz13_002"
"2826","hb_cz13_003"
"2827","hb_cz13_004"
"2828","hb_cz13_005"
"2829","hb_cz13_006"
"2830","hb_cz13_007"
"2831","hb_cz13_008"
"2832","hb_cz13_009"
"2833","hb_cz13_010"
"2834","hb_cz13_011"
"2835","hb_cz13_012"
"2836","hb_cz13_013"
"2837","hb_cz13_014"
"2838","hb_cz13_015"
"2839","hb_cz13_016"
"2840","hb_cz13_017"
"2841","hb_cz13_018"
"2842","hb_cz13_019"
"2843","hb_cz13_020"
"2844","hb_cz13_021"
"2845","hb_cz13_022"
"2846","hb_cz13_023"
"2847","hb_cz13_024"
"2848","hb_cz13_025"
"2849","hb_cz13_026"
"2850","hb_cz13_027"
"2851","hb_cz13_028"
"2852","hb_cz13_029"
"2853","hb_cz13_030"
"2854","hb_cz46_001"
"2855","hb_cz46_002"
"2856","hb_cz46_003"
"2857","hb_cz46_004"
"2858","hb_cz46_005"
"2859","hb_cz46_006"
"2860","hb_cz46_007"
"2861","hb_cz46_008"
"2862","hb_cz46_009"
"2863","hb_cz46_010"
"2864","hb_cz46_011"
"2865","hb_cz46_012"
"2866","hb_cz46_013"
"2867","hb_cz46_014"
"2868","hb_cz46_015"
"2869","hb_cz46_016"
"2870","hb_cz46_017"
"2871","hb_cz46_018"
"2872","hb_cz46_019"
"2873","hb_cz46_020"
"2874","hb_cz46_021"
"2875","hb_cz46_022"
"2876","hb_cz46_023"
"2877","hb_cz46_024"
"2878","hb_cz46_025"
"2879","hb_cz46_026"
"2880","hb_cz46_027"
"2881","hb_cz46_028"
"2883","hb_cz46_030"
"2884","book_hb13_001"
"2885","book_hb13_002"
"2886","book_hb13_003"
"2887","book_hb13_004"
"2888","book_hb13_005"
"2889","book_hb13_006"
"2890","book_hb13_007"
"2891","book_hb13_008"
"2892","book_hb13_009"
"2893","book_hb13_010"
"2894","book_th13_001"
"2895","book_th13_002"
"2896","book_th13_003"
"2897","book_th13_004"
"2898","book_th13_005"
"2899","book_th13_006"
"2900","book_th13_007"
"2901","book_th13_008"
"2902","book_th13_009"
"2903","book_th13_010"
"2904","book_th13_011"
"2905","book_th13_012"
"2906","book_th13_013"
"2907","book_th13_014"
"2908","book_th13_015"
"2909","book_th13_016"
"2910","book_th13_017"
"2911","book_th13_018"
"2912","book_th13_019"
"2913","book_th13_020"
"2914","book_th13_021"
"2915","book_th13_022"
"2916","book_th13_023"
"2917","book_th13_024"
"2918","book_th13_025"
"2919","book_th13_026"
"2920","book_th13_027"
"2921","book_th13_028"
"2922","book_th13_029"
"2923","book_ys13_001"
"2924","book_ys13_002"
"2926","book_ys13_004"
"2927","book_ys13_005"
"2928","book_ys13_006"
"2929","book_ys13_007"
"2930","book_ys13_008"
"2931","book_ys13_009"
"2932","book_ys13_010"
"2933","book_ys13_011"
"2934","book_ys13_012"
"2935","book_ys13_013"
"2936","book_ys13_014"
"2937","book_ys13_015"
"2938","book_ys13_016"
"2939","book_ys13_017"
"2940","book_ys13_018"
"2941","book_ys13_019"
"2942","book_ys13_020"
"2943","book_ys13_021"
"2944","book_ys13_022"
"2945","book_ys13_023"
"2946","book_ys13_024"
"2947","book_ys13_025"
"2948","book_ys13_026"
"2949","book_ys13_027"
"2950","book_ys13_028"
"2951","book_ys13_029"
"2952","book_ys13_030"
"2953","book_ys13_031"
"2954","book_ys13_032"
"2955","book_ys13_033"
"2956","book_ys13_034"
"2957","book_ys13_035"
"2958","book_ys13_036"
"2959","book_ys13_037"
"2960","book_ys13_038"
"2961","book_ys13_039"
"2962","book_ys13_040"
"2963","book_ys13_041"
"2964","book_ys13_042"
"2965","book_ys13_043"
"2966","book_ys13_044"
"2967","book_ys13_045"
"2968","book_ys13_046"
"2969","book_ys13_047"
"2970","book_ys13_048"
"2971","book_ys13_049"
"2972","book_ys13_050"
"2973","book_ys13_051"
"2974","book_ys13_052"
"2975","book_ys13_053"
"2976","book_ys13_054"
"2977","book_ys13_055"
"2978","book_ys13_056"
"2979","book_ys13_057"
"2980","book_ys13_058"
"2981","book_ys13_059"
"2982","book_ys13_060"
"2983","book_ys13_061"
"2984","book_ys13_062"
"2985","book_ys13_063"
"2986","book_ys13_064"
"2987","book_ys13_065"
"2988","book_ys13_066"
"2989","book_ys13_067"
"2990","book_ys13_068"
"2991","book_ys13_069"
"2992","book_ys13_070"
"2993","book_ys13_071"
"2994","book_ys13_072"
"2995","book_ys13_073"
"2996","book_ys13_074"
"2997","book_ys13_075"
"2998","book_ys13_076"
"2999","book_ys13_077"
"3000","book_ys13_078"
"3001","book_ys13_079"
"3002","book_ys13_080"
"3003","book_ys13_081"
"3004","book_ys13_082"
"3005","book_ys13_083"
"3006","book_ys13_084"
"3007","book_ys13_085"
"3008","book_ys13_086"
"3009","book_ys13_087"
"3010","book_ys13_088"
"3011","book_hb46_001"
"3012","book_hb46_002"
"3013","book_hb46_003"
"3014","book_hb46_004"
"3015","book_hb46_005"
"3016","book_hb46_006"
"3017","book_hb46_007"
"3018","book_hb46_008"
"3019","book_hb46_009"
"3020","book_hb46_010"
"3021","book_hb46_011"
"3022","book_th46_001"
"3023","book_th46_002"
"3024","book_th46_003"
"3025","book_th46_004"
"3026","book_th46_005"
"3027","book_th46_006"
"3028","book_th46_007"
"3029","book_th46_008"
"3030","book_th46_009"
"3031","book_th46_010"
"3032","book_th46_011"
"3033","book_th46_012"
"3034","book_th46_013"
"3035","book_th46_014"
"3036","book_th46_015"
"3037","book_th46_016"
"3038","book_th46_017"
"3039","book_th46_018"
"3040","book_th46_019"
"3041","book_th46_020"
"3042","book_th46_021"
"3043","book_th46_022"
"3044","book_th46_023"
"3045","book_th46_024"
"3046","book_th46_025"
"3047","book_th46_026"
"3048","book_th46_027"
"3049","book_th46_028"
"3050","book_ys46_001"
"3051","book_ys46_002"
"3052","book_ys46_003"
"3053","book_ys46_004"
"3054","book_ys46_005"
"3055","book_ys46_006"
"3056","book_ys46_007"
"3057","book_ys46_008"
"3058","book_ys46_009"
"3059","book_ys46_010"
"3060","book_ys46_011"
"3061","book_ys46_012"
"3062","book_ys46_013"
"3063","book_ys46_014"
"3064","book_ys46_015"
"3065","book_ys46_016"
"3066","book_ys46_017"
"3067","book_ys46_018"
"3068","book_ys46_019"
"3069","book_ys46_020"
"3070","book_ys46_021"
"3071","book_ys46_022"
"3072","book_ys46_023"
"3073","book_ys46_024"
"3074","book_ys46_025"
"3075","book_ys46_026"
"3076","book_ys46_027"
"3077","book_ys46_028"
"3078","book_ys46_029"
"3079","book_ys46_030"
"3080","book_ys46_031"
"3081","book_ys46_032"
"3082","book_ys46_033"
"3083","book_ys46_034"
"3084","book_ys46_035"
"3085","book_ys46_036"
"3086","book_ys46_037"
"3087","book_ys46_038"
"3088","book_ys46_039"
"3089","book_ys46_040"
"3090","book_ys46_041"
"3091","book_ys46_042"
"3092","book_ys46_043"
"3093","book_ys46_044"
"3094","book_ys46_045"
"3095","book_ys46_046"
"3096","book_ys46_047"
"3097","book_ys46_048"
"3098","book_ys46_049"
"3099","book_ys46_050"
"3100","book_ys46_051"
"3101","book_ys46_052"
"3102","book_ys46_053"
"3103","book_ys46_054"
"3104","book_ys46_055"
"3105","book_ys46_056"
"3106","book_ys46_057"
"3107","book_ys46_058"
"3108","book_ys46_059"
"3109","book_ys46_060"
"3110","book_ys46_061"
"3111","book_ys46_062"
"3112","book_ys46_063"
"3113","book_ys46_064"
"3114","book_ys46_065"
"3115","book_ys46_066"
"3116","book_ys46_067"
"3117","book_ys46_068"
"3118","book_ys46_069"
"3119","book_ys46_070"
"3120","book_ys46_071"
"3121","book_hb79_001"
"3122","book_hb79_002"
"3123","book_hb79_003"
"3124","book_th79_001"
"3125","book_th79_002"
"3126","book_th79_003"
"3127","book_th79_004"
"3128","book_th79_005"
"3129","book_th79_006"
"3130","book_th79_007"
"3131","book_th79_008"
"3132","book_th79_009"
"3133","book_th79_010"
"3134","book_th79_011"
"3135","book_th79_012"
"3136","book_th79_013"
"3137","book_th79_014"
"3138","book_th79_015"
"3139","book_th79_016"
"3140","book_th79_017"
"3141","book_th79_018"
"3142","book_jd79_001"
"3143","book_jd79_002"
"3144","book_jd79_003"
"3145","book_jd79_004"
"3146","book_jd79_005"
"3147","book_jd79_006"
"3148","book_jd79_007"
"3149","book_jd79_008"
"3150","book_jd79_009"
"3151","book_jd79_010"
"3152","book_jd79_011"
"3153","book_ys79_001"
"3154","book_ys79_002"
"3155","book_ys79_003"
"3156","book_ys79_004"
"3157","book_ys79_005"
"3158","book_ys79_006"
"3159","book_ys79_007"
"3160","book_ys79_008"
"3161","book_ys79_009"
"3162","book_ys79_010"
"3163","book_ys79_011"
"3164","book_ys79_012"
"3165","book_ys79_013"
"3166","book_ys79_014"
"3167","book_ys79_015"
"3168","book_ys79_016"
"3169","book_ys79_017"
"3170","book_ys79_018"
"3171","book_ys79_019"
"3172","book_ys79_020"
"3173","book_ys79_021"
"3174","book_ys79_022"
"3175","book_ys79_023"
"3176","book_ys79_024"
"3177","book_ys79_025"
"3178","book_ys79_026"
"3179","book_ys79_027"
"3180","book_ys79_028"
"3181","book_ys79_029"
"3182","book_ys79_030"
"3183","book_ys79_031"
"3184","book_ys79_032"
"3185","book_ys79_033"
"3186","book_ys79_034"
"3187","book_ys79_035"
"3188","book_ys79_036"
"3189","book_ys79_037"
"3190","book_ys79_038"
"3191","book_ys79_039"
"3192","book_ys79_040"
"3193","book_ys79_041"
"3194","book_ys79_042"
"3195","book_ys79_043"
"3196","book_ys79_044"
"3197","book_ys79_045"
"3198","book_ys79_046"
"3199","book_ys79_047"
"3200","book_ys79_048"
"3201","book_ys79_049"
"3202","book_ys79_050"
"3203","book_ys79_051"
"3204","book_ys79_052"
"3205","book_ys79_053"
"3206","book_ys79_054"
"3207","book_ys79_055"
"3208","book_ys79_056"
"3209","book_ys79_057"
"3210","book_ys79_058"
"3211","book_ys79_059"
"3212","book_ys79_060"
"3213","book_th1012_001"
"3214","book_th1012_002"
"3215","book_th1012_003"
"3216","book_th1012_004"
"3217","book_th1012_005"
"3218","book_th1012_006"
"3219","book_th1012_007"
"3220","book_th1012_008"
"3221","book_th1012_009"
"3222","book_th1012_010"
"3223","book_th1012_011"
"3224","book_th1012_012"
"3225","book_jd1012_001"
"3226","book_jd1012_002"
"3227","book_jd1012_003"
"3228","book_jd1012_004"
"3229","book_jd1012_005"
"3230","book_jd1012_006"
"3231","book_jd1012_007"
"3232","book_jd1012_008"
"3233","book_jd1012_009"
"3234","book_jd1012_010"
"3235","book_jd1012_011"
"3236","book_jd1012_012"
"3237","book_jd1012_013"
"3238","book_jd1012_014"
"3239","book_jd1012_015"
"3240","book_jd1012_016"
"3241","book_jd1012_017"
"3242","book_jd1012_018"
"3243","book_jd1012_019"
"3244","book_jd1012_020"
"3245","book_ys1012_001"
"3246","book_ys1012_002"
"3247","book_ys1012_003"
"3248","book_ys1012_004"
"3249","book_ys1012_005"
"3250","book_ys1012_006"
"3251","book_ys1012_007"
"3252","book_ys1012_008"
"3253","book_ys1012_009"
"3254","book_ys1012_010"
"3255","book_ys1012_011"
"3256","book_ys1012_012"
"3257","book_ys1012_013"
"3258","book_ys1012_014"
"3259","book_ys1012_015"
"3260","book_ys1012_016"
"3261","book_ys1012_017"
"3262","book_ys1012_018"
"3263","book_ys1012_019"
"3264","book_ys1012_020"
"3265","book_ys1012_021"
"3266","book_ys1012_022"
"3267","book_ys1012_023"
"3268","book_ys1012_024"
"3269","book_ys1012_025"
"3270","book_ys1012_026"
"3271","book_ys1012_027"
"3272","book_ys1012_028"
"3273","book_ys1012_029"
"3274","book_ys1012_030"
"3275","book_ys1012_031"
"3276","book_ys1012_032"
"3277","book_ys1012_033"
"3278","book_ys1012_034"
"3279","book_ys1012_035"
"3280","book_ys1012_036"
"3281","book_ys1012_037"
"3282","book_ys1012_038"
"3283","book_ys1012_039"
"3284","book_ys1012_040"
"3285","book_ys1012_041"
"3286","book_ys1012_042"
"3287","book_ys1012_043"
"3288","book_ys1012_044"
"3289","book_ys1012_045"
"3290","book_ys1012_046"
"3291","book_ys1012_047"
"3292","book_ys1012_048"
"3293","book_ys1012_049"
"3294","book_ys1012_050"
"3295","book_ys1012_051"
"3296","book_ys1012_052"
"5480","book_dh46_001"
"5481","book_dh46_002"
"5482","book_dh46_003"
"5483","book_dh46_004"
"5484","book_dh46_005"
"5485","book_dh46_006"
"5486","book_dh46_007"
"5487","book_dh46_008"
"5488","book_dh46_009"
"5489","book_dh46_010"
"5490","book_dh46_011"
"5491","book_dh46_012"
"5492","book_dh79_013"
"5493","book_dh79_014"
"5494","book_dh79_015"
"5495","book_dh79_016"
"5496","book_dh79_017"
"5497","book_dh79_018"
"5498","book_dh79_019"
"5499","book_dh79_020"
"5500","book_dh79_021"
"5501","book_dh79_022"
"5502","book_dh79_023"
"5503","book_dh79_024"