"2825","hb_cz13_002","那是布奇吗？"
"2826","hb_cz13_003","我喜欢你"
"2827","hb_cz13_004","猜猜这是谁"
"2828","hb_cz13_005","我要穿这一件"
"2829","hb_cz13_006","家里来客人了"
"2830","hb_cz13_007","阿迪逛超市"
"2831","hb_cz13_008","你怎么哭了？"
"2832","hb_cz13_009","和奶奶在一起"
"2833","hb_cz13_010","这是什么东西？！"
"2834","hb_cz13_011","这是你的鞋子吗？"
"2835","hb_cz13_012","再见"
"2836","hb_cz13_013","我做妈妈，你做爸爸"
"2837","hb_cz13_014","这个顺序，可不能错"
"2838","hb_cz13_015","“爸爸时间”到啦"
"2839","hb_cz13_016","月亮乖乖快睡觉"
"2840","hb_cz13_017","害羞的小米"
"2841","hb_cz13_018","不，我不要"
"2842","hb_cz13_019","好想好想吃了它"
"2843","hb_cz13_020","明天我还要去幼儿园"
"2844","hb_cz13_021","妈妈是我的"
"2845","hb_cz13_022","嗨哟嗨哟划船喽"
"2846","hb_cz13_023","雪娃娃，不哭不哭"
"2847","hb_cz13_024","原来，小影子是我的"
"2848","hb_cz13_025","说到做到，我真棒"
"2849","hb_cz13_026","试一试，我也能做到"
"2850","hb_cz13_027","我不要变成小魔怪"
"2851","hb_cz13_028","特别的礼物"
"2852","hb_cz13_029","故事里来的小木偶"
"2853","hb_cz13_030","了不起的爸爸"
"2854","hb_cz46_001","没关系，你不是故意的"
"2855","hb_cz46_002","我真的很棒"
"2856","hb_cz46_003","爱的味道"
"2857","hb_cz46_004","新布谷鸟飞来了"
"2858","hb_cz46_005","今天我长大了"
"2859","hb_cz46_006","拔呀，拔呀，拔蘑菇"
"2860","hb_cz46_007","我能打败大妖怪"
"2861","hb_cz46_008","糟了，白云要掉下来了"
"2862","hb_cz46_009","寄给爸爸的拥抱"
"2863","hb_cz46_010","我的嘴巴回来啦"
"2864","hb_cz46_011","对不起，朋友"
"2865","hb_cz46_012","你想坐我的脚踏车吗"
"2866","hb_cz46_013","是我打翻了草莓酱"
"2867","hb_cz46_014","我们去找宝藏吧"
"2868","hb_cz46_015","汪汪乖乖，我爱你"
"2869","hb_cz46_016","木屋里的老爷爷"
"2870","hb_cz46_017","我想做个宇航员"
"2871","hb_cz46_018","再也不画一半了"
"2872","hb_cz46_019","我能照顾好妹妹"
"2873","hb_cz46_020","越变越大的魔力扇"
"2874","hb_cz46_021","世界上最美味的蛋糕"
"2875","hb_cz46_022","要是没有了耳朵"
"2876","hb_cz46_023","树房子里的新客人"
"2877","hb_cz46_024","这可不是一件小事情"
"2878","hb_cz46_025","我有自己的小存折啦"
"2879","hb_cz46_026","幼儿园来了个男老师"
"2880","hb_cz46_027","小蜗牛的秘密"
"2881","hb_cz46_028","我很厉害"
"2883","hb_cz46_030","送小星星回家"
"2884","book_hb13_001","丑小鸭"
"2885","book_hb13_002","木偶奇遇记"
"2886","book_hb13_003","海的女儿"
"2887","book_hb13_004","渔夫和金鱼"
"2888","book_hb13_005","灰姑娘"
"2889","book_hb13_006","白雪公主"
"2890","book_hb13_007","皇帝的新装"
"2891","book_hb13_008","南瓜丰收了"
"2892","book_hb13_009","小熊的新朋友"
"2893","book_hb13_010","一起去海边"
"2894","book_th13_001","让男孩子聪明勇敢的世界经典童话"
"2895","book_th13_002","让女孩子幸福快乐的世界经典童话"
"2896","book_th13_003","公主传说"
"2897","book_th13_004","路上历险"
"2898","book_th13_005","儿童经典故事听书1"
"2899","book_th13_006","儿童经典故事听书2"
"2900","book_th13_007","丑小鸭"
"2901","book_th13_008","木偶奇遇记"
"2902","book_th13_009","海的女儿"
"2903","book_th13_010","渔夫和金鱼"
"2904","book_th13_011","灰姑娘"
"2905","book_th13_012","白雪公主"
"2906","book_th13_013","皇帝的新装"
"2907","book_th13_014","保安族"
"2908","book_th13_015","哈萨克族"
"2909","book_th13_016","回族"
"2910","book_th13_017","土族"
"2911","book_th13_018","基诺族"
"2912","book_th13_019","塔吉克族"
"2913","book_th13_020","壮族"
"2914","book_th13_021","布依族"
"2915","book_th13_022","布朗族"
"2916","book_th13_023","怒族"
"2917","book_th13_024","朝鲜族"
"2918","book_th13_025","水族"
"2919","book_th13_026","独龙族"
"2920","book_th13_027","羌族"
"2921","book_th13_028","高山族"
"2922","book_th13_029","蒙古族"
"2923","book_ys13_001","儿童经典故事听书1"
"2924","book_ys13_002","儿童经典故事听书2"
"2926","book_ys13_004","木偶奇遇记"
"2927","book_ys13_005","海的女儿"
"2928","book_ys13_006","灰姑娘"
"2929","book_ys13_007","白雪公主"
"2930","book_ys13_008","保安族-三邻舍的故事"
"2931","book_ys13_009","保安族-哈比卜的故事"
"2932","book_ys13_010","保安族-大禹治水的传说（一）"
"2933","book_ys13_011","保安族-大禹治水的传说（二）"
"2934","book_ys13_012","保安族-蜂蜜匠的故事"
"2935","book_ys13_013","哈萨克族-三兄弟放牧的故事"
"2936","book_ys13_014","哈萨克族-狮子、狼和狐狸分猎物的故事"
"2937","book_ys13_015","哈萨克族-聪明的儿子"
"2938","book_ys13_016","回族-回汉自古是亲戚"
"2939","book_ys13_017","回族-小郑和捉贪官"
"2940","book_ys13_018","回族-汤瓶的故事"
"2941","book_ys13_019","回族-焉耆马的故事"
"2942","book_ys13_020","回族-赛典赤·瞻思丁斗恶龙"
"2943","book_ys13_021","回族-追姑爷风俗的来历"
"2944","book_ys13_022","土族-五峰山的传说"
"2945","book_ys13_023","土族-大禹导河保三川的传说"
"2946","book_ys13_024","土族-头戴纽达斗王蟒的传说"
"2947","book_ys13_025","土族-小徒弟埋宝碗的故事"
"2948","book_ys13_026","土族-法师穿裙子的由来"
"2949","book_ys13_027","基诺族-基诺族起源的传说"
"2950","book_ys13_028","基诺族-日月花饰的由来"
"2951","book_ys13_029","基诺族-火把节的传说"
"2952","book_ys13_030","基诺族-玛黑玛妞的故事"
"2953","book_ys13_031","塔吉克族-公主堡的传说"
"2954","book_ys13_032","塔吉克族-引水节的传说"
"2955","book_ys13_033","塔吉克族-慕士塔格峰的传说"
"2956","book_ys13_034","塔吉克族-莎依甫加玛丽公主的故事"
"2957","book_ys13_035","塔吉克族-鹰笛和鹰舞的传说"
"2958","book_ys13_036","壮族-三月三的传说"
"2959","book_ys13_037","壮族-壮锦的故事"
"2960","book_ys13_038","壮族-开秧门的故事"
"2961","book_ys13_039","壮族-染齿习俗的来历"
"2962","book_ys13_040","壮族-老人厅的来历"
"2963","book_ys13_041","壮族-花围腰的传说"
"2964","book_ys13_042","壮族-花山崖壁画的来历"
"2965","book_ys13_043","壮族-蚂拐节的来历"
"2966","book_ys13_044","布依族-夜郎自大的故事"
"2967","book_ys13_045","布依族-尝新节的传说"
"2968","book_ys13_046","布依族-昼与夜的由来"
"2969","book_ys13_047","布依族-狗取谷种的传说"
"2970","book_ys13_048","布依族-花溪的传说"
"2971","book_ys13_049","布依族-钱财与仁义的故事"
"2972","book_ys13_050","布依族-黄果树瀑布的传说"
"2973","book_ys13_051","布朗族-三尾螺簪的故事"
"2974","book_ys13_052","布朗族-大青石的故事"
"2975","book_ys13_053","布朗族-火塘石三角的传说"
"2976","book_ys13_054","布朗族-瓦房帽的故事"
"2977","book_ys13_055","布朗族-祭寨神的起源"
"2978","book_ys13_056","布朗族-竹鼠与谷种"
"2979","book_ys13_057","布朗族-顾米亚的传说"
"2980","book_ys13_058","怒族-井里的金戒指"
"2981","book_ys13_059","怒族-树洞里的姑娘"
"2982","book_ys13_060","怒族-黑乌鸦的故事"
"2983","book_ys13_061","朝鲜族-朱蒙的故事"
"2984","book_ys13_062","朝鲜族-端午节挂艾蒿习俗的来历"
"2985","book_ys13_063","朝鲜族-花甲宴的由来"
"2986","book_ys13_064","朝鲜族-韩石奉母亲教子的故事"
"2987","book_ys13_065","水族-水书由来的传说（一）"
"2988","book_ys13_066","水族-水族木楼的传说"
"2989","book_ys13_067","水族-牙巫和拱恩的造物神话"
"2990","book_ys13_068","水族-端坡赛马的传说（一）"
"2991","book_ys13_069","水族-鱼包韭菜的由来（一）"
"2992","book_ys13_070","独龙族-孤儿龚干智斗八兄妹"
"2993","book_ys13_071","独龙族-神箭手普社射虎"
"2994","book_ys13_072","独龙族-蛤蟆娶媳妇"
"2995","book_ys13_073","羌族-云云鞋的传说"
"2996","book_ys13_074","羌族-插花的来历"
"2997","book_ys13_075","羌族-粮食与狗的故事"
"2998","book_ys13_076","羌族-索桥的故事"
"2999","book_ys13_077","羌族-花围腰的来历"
"3000","book_ys13_078","羌族-萝卜寨的传说"
"3001","book_ys13_079","蒙古族-一代天骄成吉思汗"
"3002","book_ys13_080","蒙古族-五箭训子的故事"
"3003","book_ys13_081","蒙古族-霍里土默特与天鹅夫人"
"3004","book_ys13_082","蒙古族-马头琴的传说"
"3005","book_ys13_083","高山族-卑南人的洪水神话"
"3006","book_ys13_084","高山族-布农人的百步蛇传说"
"3007","book_ys13_085","高山族-达悟人石生人和竹生人的传说"
"3008","book_ys13_086","高山族-达悟人造拼板舟的神话"
"3009","book_ys13_087","高山族-达悟人飞鱼之神的传说"
"3010","book_ys13_088","高山族-阿美人丰年祭的由来"
"3011","book_hb46_001","神奇的彩虹伞"
"3012","book_hb46_002","爱上娃娃家"
"3013","book_hb46_003","去春游啦"
"3014","book_hb46_004","宝莲灯"
"3015","book_hb46_005","绿野仙踪"
"3016","book_hb46_006","美女与野兽"
"3017","book_hb46_007","拇指姑娘"
"3018","book_hb46_008","三只小猪"
"3019","book_hb46_009","睡美人"
"3020","book_hb46_010","小红帽"
"3021","book_hb46_011","野天鹅"
"3022","book_th46_001","儿童经典故事听书3"
"3023","book_th46_002","儿童经典故事听书4"
"3024","book_th46_003","儿童经典故事听书5"
"3025","book_th46_004","魔法幻境"
"3026","book_th46_005","追梦奇迹"
"3027","book_th46_006","宝莲灯"
"3028","book_th46_007","绿野仙踪"
"3029","book_th46_008","美女与野兽"
"3030","book_th46_009","拇指姑娘"
"3031","book_th46_010","三只小猪"
"3032","book_th46_011","睡美人"
"3033","book_th46_012","小红帽"
"3034","book_th46_013","野天鹅"
"3035","book_th46_014","乌孜别克族"
"3036","book_th46_015","仫佬族"
"3037","book_th46_016","俄罗斯族"
"3038","book_th46_017","哈尼族"
"3039","book_th46_018","塔塔尔族"
"3040","book_th46_019","撒拉族"
"3041","book_th46_020","汉族"
"3042","book_th46_021","白族"
"3043","book_th46_022","纳西族"
"3044","book_th46_023","苗族"
"3045","book_th46_024","藏族"
"3046","book_th46_025","裕固族"
"3047","book_th46_026","达斡尔族"
"3048","book_th46_027","鄂温克族"
"3049","book_th46_028","东乡族"
"3050","book_ys46_001","儿童经典故事听书3"
"3051","book_ys46_002","儿童经典故事听书4"
"3052","book_ys46_003","儿童经典故事听书5"
"3053","book_ys46_004","绿野仙踪"
"3054","book_ys46_005","拇指姑娘"
"3055","book_ys46_006","三只小猪"
"3056","book_ys46_007","睡美人"
"3057","book_ys46_008","小红帽"
"3058","book_ys46_009","东乡族-咪咪的传说"
"3059","book_ys46_010","东乡族-唱“哈利”习俗的由来"
"3060","book_ys46_011","东乡族-旱魃的故事"
"3061","book_ys46_012","东乡族-葡萄山和高陵峙的传说"
"3062","book_ys46_013","东乡族-赤孜拉妩的由来"
"3063","book_ys46_014","乌孜别克族-乌孜别克族传统衣饰的传说"
"3064","book_ys46_015","乌孜别克族-乌孜别克族婚礼习俗的故事"
"3065","book_ys46_016","乌孜别克族-乌孜别克族饮食的传说"
"3066","book_ys46_017","乌孜别克族-古丽娜莱和阿伊娜莱的故事"
"3067","book_ys46_018","乌孜别克族-拜合热睦王子的故事"
"3068","book_ys46_019","仫佬族-三堆的故事"
"3069","book_ys46_020","仫佬族-刘三姐的故事"
"3070","book_ys46_021","仫佬族-望郎石的故事"
"3071","book_ys46_022","俄罗斯族-一株白桦和三只鹰"
"3072","book_ys46_023","俄罗斯族-木腿熊的故事"
"3073","book_ys46_024","俄罗斯族-狐小妹和狼大哥"
"3074","book_ys46_025","俄罗斯族-猫统帅的故事"
"3075","book_ys46_026","哈尼族-云海的传说"
"3076","book_ys46_027","哈尼族-他朋然戛阿和她的孩子们"
"3077","book_ys46_028","哈尼族-大雁领去的地方"
"3078","book_ys46_029","哈尼族-摩咪姑娘的传说"
"3079","book_ys46_030","塔塔尔族-幸福的秘密"
"3080","book_ys46_031","塔塔尔族-撒班节的来历"
"3081","book_ys46_032","塔塔尔族-聪明的姑娘"
"3082","book_ys46_033","撒拉族-吝啬鬼亲家的故事"
"3083","book_ys46_034","撒拉族-哈三的故事"
"3084","book_ys46_035","撒拉族-太斯比海测吉凶的故事"
"3085","book_ys46_036","撒拉族-尕娃和熊"
"3086","book_ys46_037","撒拉族-阿娜云红姬的故事"
"3087","book_ys46_038","汉族-五毒肚兜的故事"
"3088","book_ys46_039","汉族-女娲补天的故事"
"3089","book_ys46_040","汉族-梁祝传说"
"3090","book_ys46_041","汉族-灶王爷的传说"
"3091","book_ys46_042","汉族-牛郎织女的传说"
"3092","book_ys46_043","白族-三道茶的故事"
"3093","book_ys46_044","白族-大理石的传说"
"3094","book_ys46_045","白族-扎染的由来"
"3095","book_ys46_046","白族-李宓的故事"
"3096","book_ys46_047","白族-赶马人的故事"
"3097","book_ys46_048","白族-雕龙记"
"3098","book_ys46_049","纳西族-小东巴和神蛙的故事"
"3099","book_ys46_050","纳西族-纳西族的起源传说"
"3100","book_ys46_051","纳西族-蛙将军的故事"
"3101","book_ys46_052","苗族-吃新节的传说"
"3102","book_ys46_053","苗族-太阳山和月亮山的传说"
"3103","book_ys46_054","苗族-苗族先民蚩尤的传说"
"3104","book_ys46_055","苗族-长角苗的传说"
"3105","book_ys46_056","苗族-除恶节的由来"
"3106","book_ys46_057","苗族-香炉山爬坡的传说"
"3107","book_ys46_058","藏族-桑耶寺的故事"
"3108","book_ys46_059","藏族-沐浴节的传说"
"3109","book_ys46_060","藏族-西藏地区茶的来历"
"3110","book_ys46_061","藏族-迎娶文成公主的传说"
"3111","book_ys46_062","藏族-酥油茶的故事"
"3112","book_ys46_063","裕固族-猴媳妇的传说"
"3113","book_ys46_064","裕固族-莫拉降雪妖的传说"
"3114","book_ys46_065","裕固族-裕固族东迁的传说"
"3115","book_ys46_066","达斡尔族-乌拉草的故事"
"3116","book_ys46_067","达斡尔族-鸿雁的故事"
"3117","book_ys46_068","鄂温克族-不怕磨难的巴特尔桑"
"3118","book_ys46_069","鄂温克族-豪英峰的传说"
"3119","book_ys46_070","鄂温克族-那维猎熊"
"3120","book_ys46_071","鄂温克族-黑龙江和大兴安岭的传说"
"3121","book_hb79_001","超级警探"
"3122","book_hb79_002","城堡探险"
"3123","book_hb79_003","奶奶的帽子"
"3124","book_th79_001","爱丽斯漫游奇境"
"3125","book_th79_002","尼尔斯骑鹅旅行记"
"3126","book_th79_003","王尔德童话集"
"3127","book_th79_004","小海蒂"
"3128","book_th79_005","小王子"
"3129","book_th79_006","阿昌族"
"3130","book_th79_007","侗族"
"3131","book_th79_008","拉祜族"
"3132","book_th79_009","黎族"
"3133","book_th79_010","傈僳族"
"3134","book_th79_011","满族"
"3135","book_th79_012","毛南族"
"3136","book_th79_013","畲族"
"3137","book_th79_014","土家族"
"3138","book_th79_015","佤族"
"3139","book_th79_016","锡伯族"
"3140","book_th79_017","瑶族"
"3141","book_th79_018","仡佬族"
"3142","book_jd79_001","迈克传奇"
"3143","book_jd79_002","王者拉德"
"3144","book_jd79_003","激战荒野"
"3145","book_jd79_004","九村突围"
"3146","book_jd79_005","终极王者"
"3147","book_jd79_006","离奇失踪案"
"3148","book_jd79_007","神秘枯井"
"3149","book_jd79_008","手机短信之谜"
"3150","book_jd79_009","谁是告密者"
"3151","book_jd79_010","蒋门神侦探社"
"3152","book_jd79_011","科学怪怪案"
"3153","book_ys79_001","仡佬族-仡佬族的起源传说"
"3154","book_ys79_002","仡佬族-祭山节的传说"
"3155","book_ys79_003","佤族-人类妈妈的传说"
"3156","book_ys79_004","佤族-佤族的起源传说"
"3157","book_ys79_005","佤族-安木拐和水牛"
"3158","book_ys79_006","佤族-雷神的故事"
"3159","book_ys79_007","侗族-侗族“萨”的传说"
"3160","book_ys79_008","侗族-侗歌的来历"
"3161","book_ys79_009","侗族-合拢宴的来历"
"3162","book_ys79_010","侗族-四也挑歌传侗乡"
"3163","book_ys79_011","侗族-我们侗族哪里来"
"3164","book_ys79_012","侗族-芦笙的传说"
"3165","book_ys79_013","傈僳族-傈僳族始祖木必的故事"
"3166","book_ys79_014","傈僳族-神弩的传说"
"3167","book_ys79_015","傈僳族-阿宝和蜜蜂的故事"
"3168","book_ys79_016","傈僳族-阿普和阿娜的故事"
"3169","book_ys79_017","土家族-围裙的故事"
"3170","book_ys79_018","土家族-土喇叭的来历"
"3171","book_ys79_019","土家族-生女儿种牡丹习俗的由来"
"3172","book_ys79_020","土家族-赶年的来历"
"3173","book_ys79_021","拉祜族-上门做姑爷婚俗的传说"
"3174","book_ys79_022","拉祜族-旱稻的传说"
"3175","book_ys79_023","拉祜族-火塘的来历"
"3176","book_ys79_024","拉祜族-酒的故事"
"3177","book_ys79_025","拉祜族-金犁头的故事"
"3178","book_ys79_026","毛南族-“顶卡花”的来历"
"3179","book_ys79_027","毛南族-三娘村的传说"
"3180","book_ys79_028","毛南族-猴鼓舞的由来"
"3181","book_ys79_029","毛南族-石匠召里的故事"
"3182","book_ys79_030","毛南族-覃三九的故事"
"3183","book_ys79_031","满族-少年阿骨打的故事"
"3184","book_ys79_032","满族-旗袍的来历"
"3185","book_ys79_033","满族-满族起源的传说"
"3186","book_ys79_034","满族-满族高底木鞋的来历"
"3187","book_ys79_035","满族-金兀术和噶拉哈的传说"
"3188","book_ys79_036","瑶族-六月初六过半年的由来"
"3189","book_ys79_037","瑶族-水笕的故事"
"3190","book_ys79_038","瑶族-白裤瑶的来历"
"3191","book_ys79_039","瑶族-谈婚洞的故事"
"3192","book_ys79_040","畲族-三月三吃乌米饭的由来"
"3193","book_ys79_041","畲族-屠夫与金元宝的故事"
"3194","book_ys79_042","畲族-插花姑娘"
"3195","book_ys79_043","畲族-赵运龙习武退苗兵"
"3196","book_ys79_044","畲族-焐年猪的故事"
"3197","book_ys79_045","畲族-盘瓠的传说"
"3198","book_ys79_046","锡伯族-以箭为媒结良缘"
"3199","book_ys79_047","锡伯族-关于语言沟通的故事"
"3200","book_ys79_048","锡伯族-特合勒的故事"
"3201","book_ys79_049","锡伯族-聪明的猎人"
"3202","book_ys79_050","锡伯族-锡伯族与“大刀王君可”"
"3203","book_ys79_051","阿昌族-早慨的故事"
"3204","book_ys79_052","阿昌族-檐柱上斜贴条幅的由来"
"3205","book_ys79_053","阿昌族-阿芒与阿衣的故事"
"3206","book_ys79_054","阿昌族-龙女的故事"
"3207","book_ys79_055","黎族-山栏稻种的由来"
"3208","book_ys79_056","黎族-槟榔的传说"
"3209","book_ys79_057","黎族-绣面习俗的来历"
"3210","book_ys79_058","黎族-船形屋的来历"
"3211","book_ys79_059","黎族-黄道婆的故事"
"3212","book_ys79_060","黎族-黎族的起源传说"
"3213","book_th1012_001","傣族"
"3214","book_th1012_002","德昂族"
"3215","book_th1012_003","鄂伦春族"
"3216","book_th1012_004","赫哲族"
"3217","book_th1012_005","京族"
"3218","book_th1012_006","景颇族"
"3219","book_th1012_007","柯尔克孜族"
"3220","book_th1012_008","珞巴族"
"3221","book_th1012_009","门巴族"
"3222","book_th1012_010","普米族"
"3223","book_th1012_011","维吾尔族"
"3224","book_th1012_012","彝族"
"3225","book_jd1012_001","雪地狂奔"
"3226","book_jd1012_002","义犬情深"
"3227","book_jd1012_003","图书馆奇案"
"3228","book_jd1012_004","校园涂鸦事件"
"3229","book_jd1012_005","焰火谜案"
"3230","book_jd1012_006","智解连环套"
"3231","book_jd1012_007","独战苍穹"
"3232","book_jd1012_008","兄弟情仇"
"3233","book_jd1012_009","浴火重生"
"3234","book_jd1012_010","推理之惑"
"3235","book_jd1012_011","校园大冒险"
"3236","book_jd1012_012","朝花夕拾"
"3237","book_jd1012_013","列那狐的故事"
"3238","book_jd1012_014","柳林风声"
"3239","book_jd1012_015","绿山墙的安妮"
"3240","book_jd1012_016","汤姆叔叔的小屋"
"3241","book_jd1012_017","白牙"
"3242","book_jd1012_018","海狼"
"3243","book_jd1012_019","红脖子"
"3244","book_jd1012_020","荒野的呼唤"
"3245","book_ys1012_001","京族-“京族三岛”的来历"
"3246","book_ys1012_002","京族-宝网的传说"
"3247","book_ys1012_003","京族-镇海大王的传说"
"3248","book_ys1012_004","傣族-傣族竹楼的来历"
"3249","book_ys1012_005","傣族-傣族花筒裙的传说"
"3250","book_ys1012_006","傣族-泼水节的由来"
"3251","book_ys1012_007","傣族-难夕河的故事"
"3252","book_ys1012_008","彝族-开天辟地的故事"
"3253","book_ys1012_009","彝族-插花节的传说"
"3254","book_ys1012_010","彝族-阿诗玛的故事"
"3255","book_ys1012_011","彝族-雄鹰之子支呷阿龙"
"3256","book_ys1012_012","德昂族-兄妹结成夫妻的故事"
"3257","book_ys1012_013","德昂族-兄弟俩保护凤凰的故事"
"3258","book_ys1012_014","德昂族-水鼓的由来"
"3259","book_ys1012_015","德昂族-短鼓的传说"
"3260","book_ys1012_016","德昂族-象脚鼓的来历"
"3261","book_ys1012_017","德昂族-阿珍和阿南的故事"
"3262","book_ys1012_018","德昂族-香土的故事"
"3263","book_ys1012_019","普米族-女人戴耳环、手镯的由来"
"3264","book_ys1012_020","普米族-普米族的创世纪古歌"
"3265","book_ys1012_021","景颇族-卡苦包头的来历"
"3266","book_ys1012_022","景颇族-景颇族起源的传说"
"3267","book_ys1012_023","景颇族-织锦的传说（一）"
"3268","book_ys1012_024","景颇族-织锦的传说（二）"
"3269","book_ys1012_025","景颇族-蜜蜂与土蜂的故事"
"3270","book_ys1012_026","柯尔克孜族-叼羊比赛的故事"
"3271","book_ys1012_027","柯尔克孜族-大力士艾尔托什吐克的故事"
"3272","book_ys1012_028","柯尔克孜族-思的克库勒和苏莱卡的故事"
"3273","book_ys1012_029","柯尔克孜族-白毡帽的传说"
"3274","book_ys1012_030","珞巴族-木匠达穷肯布"
"3275","book_ys1012_031","珞巴族-阿宾肯日发明弓箭的传说"
"3276","book_ys1012_032","珞巴族-阿巴达尼与阿巴达洛"
"3277","book_ys1012_033","维吾尔族-博格达山的传说"
"3278","book_ys1012_034","维吾尔族-艾里甫与赛乃姆的故事"
"3279","book_ys1012_035","维吾尔族-苏图克·布格拉汗的故事"
"3280","book_ys1012_036","维吾尔族-阿凡提的故事（二）：打官司"
"3281","book_ys1012_037","维吾尔族-高昌城的传说"
"3282","book_ys1012_038","赫哲族-天鹅舞的由来"
"3283","book_ys1012_039","赫哲族-白城人的后代"
"3284","book_ys1012_040","赫哲族-芦德成打虎"
"3285","book_ys1012_041","赫哲族-鳇鱼的来历"
"3286","book_ys1012_042","鄂伦春族-小红鞋的故事"
"3287","book_ys1012_043","鄂伦春族-罕贝舞的由来"
"3288","book_ys1012_044","鄂伦春族-鄂伦春族起源的传说"
"3289","book_ys1012_045","鄂伦春族-阿依吉伦和伦吉善的爱情故事"
"3290","book_ys1012_046","门巴族-修建仁青崩寺的传说"
"3291","book_ys1012_047","门巴族-却吉桑姆和冬顿"
"3292","book_ys1012_048","门巴族-嘎隆旺布卓娃桑姆的故事"
"3293","book_ys1012_049","门巴族-藤网桥的来历"
"3294","book_ys1012_050","门巴族-门巴族畜牧业起源的传说（一）"
"3295","book_ys1012_051","门巴族-门巴族起源的传说（一）"
"3296","book_ys1012_052","门巴族-雅鲁藏布江为什么拐急弯"
"5480","book_dh46_001","宝莲灯"
"5481","book_dh46_002","除夕的故事"
"5482","book_dh46_003","大闹天宫"
"5483","book_dh46_004","好猫咪咪"
"5484","book_dh46_005","金猴降妖"
"5485","book_dh46_006","九色鹿"
"5486","book_dh46_007","哪吒闹海"
"5487","book_dh46_008","三个和尚"
"5488","book_dh46_009","天书奇谭"
"5489","book_dh46_010","小鲤鱼跳龙门"
"5490","book_dh46_011","小熊猫学木匠"
"5491","book_dh46_012","猪八戒吃西瓜"
"5492","book_dh79_013","黑猫警长之吃红土的小偷"
"5493","book_dh79_014","黑猫警长之吃丈夫的螳螂"
"5494","book_dh79_015","黑猫警长之会吃猫的舅舅"
"5495","book_dh79_016","黑猫警长之空中擒敌"
"5496","book_dh79_017","黑猫警长之痛歼搬仓鼠"
"5497","book_dh79_018","葫芦兄弟(1)(神峰奇遇)"
"5498","book_dh79_019","葫芦兄弟(2)(钢筋铁骨)"
"5499","book_dh79_020","葫芦兄弟(3)(水火奇功)"
"5500","book_dh79_021","葫芦兄弟(4)(七子连心)"
"5501","book_dh79_022","舒克和贝塔-大战海盗"
"5502","book_dh79_023","舒克和贝塔-克里斯王国"
"5503","book_dh79_024","舒克和贝塔-人鼠之战"